Title,Price

Shop on eBay,$20.00

"Dell Laptop Latitude 15.6"" Intel Core i5 16GB 1TB HD WiFI HDMI Windows 10 Pro ",$199.95 to $459.95

"Lenovo IdeaPad 3 14"" FHD Laptop Intel Core i5-1135G7 8GB RAM 512GB SSD",$369.99

"Lenovo IdeaPad 3 14"" FHD Laptop Intel Core i7-1165G7 8GB RAM 512GB SSD",$439.99

Google Pixelbook Go Laptop Touch ChromeBook i5 8th Gen Turbo 3.9GHz 16GB 128SSD,$217.93

"Lenovo ThinkBook 15 G3 ACL 15.6"" Notebook AMD Ryzen 7-5700U 16GB RAM 512GB SSD",$519.99

"Legion 5 Pro 16"" Gaming Laptop QHD 165Hz R9-6900HX 16GB RAM 1TB SSD RTX 3070 Ti","$1,399.99"

Lenovo X280 Laptop i5 8th Gen Turbo 3.4Ghz 8GB ram 2TB ssd NVME Windows11 FullHD,$240.93 to $483.07

"Microsoft Surface Pro 7+ Bundle 12.3"" Touch Screen Intel Core i5 8GB RAM",$579.99

"Microsoft Surface Book 2 15"" - i7 8650U 16GB RAM 1TB SSD - WINDOWS 10 PRO",$356.00

HP ProBook X360 2-in-1 Laptop Touchscreen Celeron Windows 10 4GB Ram 128GB SSD,$99.99

MICROSOFT SURFACE PRO 5&4 Core i7 8GB 1TB/512GB Original Accessories Docking Pen,$230.00 to $310.00

FAST Lenovo ThinkPad X230 WINDOWS 10  Laptop Core i5 8GB Ram 256GB SSD,$95.65 to $181.59

Toshiba X40D HD 1080P Touch Win 11 PRO i5 7th Gen Gaming Laptop PC Computer,$279.99

"Dell Latitude 15.6"" Laptop Intel Core i5 Light Gaming Business 64GB RAM 2TB SSD",$218.99 to $798.99

Dell Laptop Latitude Intel Core i5 16GB RAM 1TB HDD WIFI HDMI Windows 10 Pro PC,$219.95 to $429.95

"Dell Latitude 15.6"" Light Gaming Business Laptop Intel Core i5 64GB RAM 2TB SSD",$199.99 to $759.99

Laptop Windows 10 iseries Refurbished Laptops 4GB 8GB RAM SSD HDD Build Your Own,$121.00 to $246.91

New ListingHP250 G4 Intel Core i5-6200U 6th gen. RAM 8GB HDD 500GB DVD HDMI,$30.27

"Legion 5 Pro 16"" QHD Gaming Laptop 165Hz R7-6800H 16GB DDR5 1TB SSD RTX 3070 Ti","$1,399.00"

"HP ProBook 640 G2 14"" Laptop Intel i5 6200U 4GB RAM 128GB SSD Win10 Pro -Good",$99.99

"Dell Vostro 5502 15"" Laptop Intel Core i5 11th Gen 8GB RAM 512 SSD Win 11 Pro ",$179.18

FAST CHEAP INTEL CORE i3/i5 WINDOWS 10 8GB RAM 240GB SSD/500GB HDD WI-FI LAPTOP,$115.00 to $181.59

Dell Latitude 7210 Tablet Intel i7-10th Gen 16GB Ram 256GB SSD Webcam Windows 11,$349.99

"OMEN by HP i7-7700HQ Gaming Laptop 17-an0xx ""FOR PARTS"" or ""REPAIR""",$175.00

Fast CHEAP DELL HP YOGA Core i3/i5 Laptop 32GB 16GB 8GB RAM 500GB 1TB SSD Win 10,$84.74 to $242.13

"HP Chromebook 11 G4 11.6"" Intel 2.16 GHz 4GB RAM 16GB eMMC Bluetooth HDMI Webcam",$79.99

"Lenovo ThinkPad X390-W11 Pro, Intel i5, Office 2021, 128GB SSD, warranty July'23",$187.66

Lenovo 11e 4th Gen - Intel CPU - 8GB RAM - 256GB M.2 SSD -Webcam- Windows 10 Pro,$95.00

Dell Latitude Laptop Core i5 Light Gaming Business 16GB RAM 512GB SSD Win10 Pro,$349.99

"Dell Laptop 3520 15.6"" Core i7 16GB 512GB SSD Bluetooth WiFi HDMI Windows 10 Pro",$299.99

"15.6"" Dell Latitude Laptop - 8GB RAM 256GB SSD Windows 10 Intel Core i5 3.0Ghz",$279.00

"Dell Latitude Laptop 14.1"" Intel i5 1TB HDD 16GB RAM WIFI HDMI Windows 10 Pro PC",$199.95 to $450.00

"New Lenovo Legion 5 15.6"" Ryzen 5 5600H GeForce RTX 3050 Ti 512GB SSD 8GB RAM",$658.95

SURFACE LAPTOP 2 CORE I7 1769 8650U 1.9 GHz/ 16GB RAM/ 512GB SSD,$189.00

"HP PROBOOK 455 G4 15"" AMD A10-9600P @ 2.4GHZ 8GB RAM 500GB SSD WINDOWS 10",$65.00

"HP X360 G1 2-in-1 Touchscreen 11.6"" Laptop Celeron 4GB RAM 128GB SSD Windows 10",$129.95

New Listinghp 450 g3,$60.54

SUPER FAST DELL HP WINDOWS 10 LAPTOP CORE i5 8GB RAM 240GB SSD WEBCAM HDMI Wi-Fi,$157.38

"Dell Latitude Laptop Computer 15.6"" Intel Core 8GB RAM 500GB DVD WiFi Windows 10",$159.99

Dell Latitude Laptop Intel Core i7 4.2GHz Light Gaming Business 32GB RAM 2TB SSD,$279.99 to $739.99

"NEW HP 15-dy2791wm 15.6"" Laptop, Intel i3 11th gen 8GB RAM 256GB SSD Silver",$328.95

"Lenovo ThinkPad X13 Intel i5 10th Gen, 128GB SSD, warranty, W11Pro+Office 2021",$205.82

LENOVO THINKPAD X280 12.5 inch i7-8650U 8/16GB SSD Laptop Win 11 Pro,$243.44 to $271.35

Acer Swift 3 SF314-511-707M Laptop Intel Core i7-1165G7 8GB RAM 512GB SSD,$699.99

Toshiba Z40 FULL HD 1080P Touch Win 11 PRO i5 SSD WiFi Gaming Laptop PC Computer,$199.00

"ASUS ROG G750JX 17.3"" Gaming Notebook I7-4700HQ 2.4 Ghz 16 GB RAM 256 SSD 1TB",$126.50

"2021 Dell Latitude 3120 Laptop Celeron N5100 4GB 128GB SSD 11.6"" HD 768p W11PRO",$139.00

Microsoft Surface Book Intel i5 8GB RAM / 128GB SSD with Keyboard  Win11 Pro,$192.50

"Lenovo IdeaPad Gaming 3i 15.6"" FHD 120Hz i7-12700H 8GB RAM 512GB SSD RTX 3050Ti",$789.99

"Razer Blade 15"" Advanced  - 4K - RTX 2070 - 32GB Ram -  1TB HD - RZ09-0288",$617.46

FREE SHIP i5 SSD 8GB Panasonic CF 53 Toughbook Laptop PC Windows 10 Computer,$199.99

"Lenovo Legion 5 Pro 16"" 165Hz QHD i7-12700H 16GB DDR5 RAM 1TB SSD RTX 3060","$1,249.99"

"Lenovo Yoga 11"" Windows 10 Touchscreen Laptop Tablet 2 in 1 4GB / 8GB 128GB SSD",$89.00 to $109.95

"Microsoft Surface Pro 12.3 in (256 GB SSD, Intel Core i5 7th Gen 7300U 2.60 GHz",$199.95

"New ListingMSI GE66 Raider 10SFS 15.6"" 240Hz i7 10750H 32GB RAM RTX 2070 SUPER 1 TB SSD",$600.00

FAST DELL LATITUDE 12 CORE i3 7TH GEN 128GB SSD WINDOW 11 LAPTOP USB C WEBCAM HD,$163.43

"HP Envy 360 Convertible 15-bq213cl 15.6"" (512GB SSD, PASSWORD LOCKED",$61.00

"Apple Macbook Pro 13"" Laptop | i5 8GB RAM | 500GB HD | MacOS Catalina | WARRANTY",$189.00

"Dell Latitude Laptop Computer 13.3"" Core i5 8GB Ram 256GB SSD Windows 10 Pro PC",$279.99

HP Laptop 17.3 inch TOUCHSCREEN 12GB Ram SixCore AMD Ryzen 5 5625U 1TB HDD Win11,$477.74

"Lenovo ThinkPad Laptop Computer 15"" Core i3 8GB Ram 256GB SSD Windows 10 Pro PC",$169.99

"2022 HP 15.6"" HD (TouchScreen) Laptop AMD Ryzen 3.50GHz 256GB SSD 4GB HDMI Win11",$309.50

"ASUS 15.6"" Full HD Intel N4020 128GB SSD 4GB RAM Win10 Black + 16GB MICROSD CARD",$189.99

"Dell Laptop Computer Latitude 14"" Core i3 4GB RAM 1TB HD WiFi DVD Windows 10 PC",$149.98

"Dell Latitude 15.6"" Laptop Computer PC i5 Windows 10 8GB Ram 500GB DVD HDMI WiFi",$209.99

DELL LAPTOP LATITUDE WINDOWS 10 INTEL CORE i3 4GB RAM 128GB SSD WIFI PC COMPUTER,$129.99

"HP 650 G1 15.6"" Laptop Computer 8GB Ram 500GB Core i5 Windows 10 PC WiFi DVD",$189.95

"Microsoft Surface Laptop 13"" I5 7th Gen 2.60GHZ 8GB 256GB Windows 11 pro B Grade",$332.94

Black Friday Special ACER Switch Alpha 12 Fast i5 CPU RAM 8 GB SSD 256 GB Webcam,$189.99 to $199.99

"Lenovo ThinkPad T470s 14"" Laptop Intel Core i5 7th Gen. 8GB DDR4 256GB NVMe",$163.44

"Dell Latitude 5580 15.6"" - Core i5 3.5GHz Light Gaming Laptop 16GB RAM 256GB SSD",$350.00

"Panasonic ToughPad FZ-G1 10"" i5-4310U 2.0GHz 8GB 256 Gb SSD A+ w/ strap and pen!",$189.97

